series_ticker,event_ticker,market_ticker,title,yes_bid,yes_ask,mid,last_price,volume,open_interest,status
KXMENWORLDCUP,KXMENWORLDCUP-26,KXMENWORLDCUP-26-IRQ,Will Iraq win the 2026 Men's World Cup?,0.0,0.01,0.005,0.01,157248.63,157248.63,active
KXMENWORLDCUP,KXMENWORLDCUP-26,KXMENWORLDCUP-26-COD,Will Congo DR win the 2026 Men's World Cup?,0.0,0.01,0.005,0.01,238413.52,238363.52,active
KXMENWORLDCUP,KXMENWORLDCUP-26,KXMENWORLDCUP-26-BIH,Will Bosnia and Herzegovina win the 2026 Men's World Cup?,0.0,0.01,0.005,0.01,391971.92,391860.92,active
KXMENWORLDCUP,KXMENWORLDCUP-26,KXMENWORLDCUP-26-CZE,Will Czechia win the 2026 Men's World Cup?,0.0,0.01,0.005,0.01,164634.03,164584.03,active
KXMENWORLDCUP,KXMENWORLDCUP-26,KXMENWORLDCUP-26-PAN,Will Panama win the 2026 Men's World Cup?,0.0,0.001,0.0005,0.001,5578862.98,5561973.98,active
KXMENWORLDCUP,KXMENWORLDCUP-26,KXMENWORLDCUP-26-HTI,Will Haiti win the 2026 Men's World Cup?,0.0,0.001,0.0005,0.001,7479761.33,7374241.96,active
KXMENWORLDCUP,KXMENWORLDCUP-26,KXMENWORLDCUP-26-CUW,Will Curacao win the 2026 Men's World Cup?,0.0,0.001,0.0005,0.001,1466878.92,1466878.92,active
KXMENWORLDCUP,KXMENWORLDCUP-26,KXMENWORLDCUP-26-CIV,Will Ivory Coast win the 2026 Men's World Cup?,0.003,0.004,0.0035,0.003,14157094.65,11998383.12,active
KXMENWORLDCUP,KXMENWORLDCUP-26,KXMENWORLDCUP-26-QAT,Will Qatar win the 2026 Men's World Cup?,0.0,0.001,0.0005,0.001,1325786.63,1325781.63,active
KXMENWORLDCUP,KXMENWORLDCUP-26,KXMENWORLDCUP-26-RSA,Will South Africa win the 2026 Men's World Cup?,0.0,0.001,0.0005,0.001,1236637.93,1165617.93,active
KXMENWORLDCUP,KXMENWORLDCUP-26,KXMENWORLDCUP-26-CPV,Will Cape Verde win the 2026 Men's World Cup?,0.001,0.002,0.0015,0.002,12167245.40,11069793.36,active
KXMENWORLDCUP,KXMENWORLDCUP-26,KXMENWORLDCUP-26-DZA,Will Algeria win the 2026 Men's World Cup?,0.0,0.001,0.0005,0.001,9509306.15,9100470.49,active
KXMENWORLDCUP,KXMENWORLDCUP-26,KXMENWORLDCUP-26-EGY,Will Egypt win the 2026 Men's World Cup?,0.002,0.003,0.0025,0.003,11742837.28,9591358.93,active
KXMENWORLDCUP,KXMENWORLDCUP-26,KXMENWORLDCUP-26-JOR,Will Jordan win the 2026 Men's World Cup?,0.0,0.001,0.0005,0.001,835373.38,835368.38,active
KXMENWORLDCUP,KXMENWORLDCUP-26,KXMENWORLDCUP-26-UZB,Will Uzbekistan win the 2026 Men's World Cup?,0.0,0.001,0.0005,0.001,2473816.89,2453288.89,active
KXMENWORLDCUP,KXMENWORLDCUP-26,KXMENWORLDCUP-26-NZL,Will New Zealand win the 2026 Men's World Cup?,0.0,0.001,0.0005,0.001,3169835.56,3169835.56,active
KXMENWORLDCUP,KXMENWORLDCUP-26,KXMENWORLDCUP-26-TN,Will the Tunisia win the 2026 Men's World Cup?,0.0,0.001,0.0005,0.001,1011703.20,530833.00,active
KXMENWORLDCUP,KXMENWORLDCUP-26,KXMENWORLDCUP-26-SA,Will the Saudi Arabia win the 2026 Men's World Cup?,0.0,0.001,0.0005,0.001,2590357.87,2590357.87,active
KXMENWORLDCUP,KXMENWORLDCUP-26,KXMENWORLDCUP-26-IR,Will the Iran win the 2026 Men's World Cup?,0.0,0.001,0.0005,0.001,12290066.77,10044078.85,active
KXMENWORLDCUP,KXMENWORLDCUP-26,KXMENWORLDCUP-26-TR,Will the Turkey win the 2026 Men's World Cup?,0.0,0.001,0.0005,0.001,8258377.23,7324256.91,active
KXMENWORLDCUP,KXMENWORLDCUP-26,KXMENWORLDCUP-26-SC,Will the Scotland win the 2026 Men's World Cup?,0.001,0.002,0.0015,0.002,9081295.11,8696057.36,active
KXMENWORLDCUP,KXMENWORLDCUP-26,KXMENWORLDCUP-26-PY,Will the Paraguay win the 2026 Men's World Cup?,0.0,0.001,0.0005,0.001,7959298.72,6957878.40,active
KXMENWORLDCUP,KXMENWORLDCUP-26,KXMENWORLDCUP-26-KR,Will the South Korea win the 2026 Men's World Cup?,0.002,0.003,0.0025,0.003,13867451.34,11597518.27,active
KXMENWORLDCUP,KXMENWORLDCUP-26,KXMENWORLDCUP-26-GH,Will the Ghana win the 2026 Men's World Cup?,0.001,0.002,0.0015,0.002,9617024.65,9394715.81,active
KXMENWORLDCUP,KXMENWORLDCUP-26,KXMENWORLDCUP-26-AU,Will the Australia win the 2026 Men's World Cup?,0.001,0.002,0.0015,0.002,9843278.22,8758407.49,active
KXMENWORLDCUP,KXMENWORLDCUP-26,KXMENWORLDCUP-26-SN,Will the Senegal win the 2026 Men's World Cup?,0.003,0.004,0.0035,0.004,11700460.87,10039861.03,active
KXMENWORLDCUP,KXMENWORLDCUP-26,KXMENWORLDCUP-26-SE,Will the Sweden win the 2026 Men's World Cup?,0.002,0.003,0.0025,0.003,9924856.59,8744594.18,active
KXMENWORLDCUP,KXMENWORLDCUP-26,KXMENWORLDCUP-26-NO,Will the Norway win the 2026 Men's World Cup?,0.028,0.029,0.0285,0.029,13127950.73,10893682.56,active
KXMENWORLDCUP,KXMENWORLDCUP-26,KXMENWORLDCUP-26-MX,Will the Mexico win the 2026 Men's World Cup?,0.019,0.022,0.0205,0.022,28498132.76,21307386.24,active
KXMENWORLDCUP,KXMENWORLDCUP-26,KXMENWORLDCUP-26-MA,Will the Morocco win the 2026 Men's World Cup?,0.019,0.02,0.0195,0.02,16027421.82,13091173.40,active
KXMENWORLDCUP,KXMENWORLDCUP-26,KXMENWORLDCUP-26-JP,Will the Japan win the 2026 Men's World Cup?,0.017,0.018,0.0175,0.017,13519114.54,11604492.84,active
KXMENWORLDCUP,KXMENWORLDCUP-26,KXMENWORLDCUP-26-EC,Will the Ecuador win the 2026 Men's World Cup?,0.001,0.002,0.0015,0.002,13140284.91,11414130.50,active
KXMENWORLDCUP,KXMENWORLDCUP-26,KXMENWORLDCUP-26-CO,Will the Colombia win the 2026 Men's World Cup?,0.019,0.02,0.0195,0.02,12248309.89,11252696.51,active
KXMENWORLDCUP,KXMENWORLDCUP-26,KXMENWORLDCUP-26-CH,Will the Switzerland win the 2026 Men's World Cup?,0.005,0.006,0.0055,0.006,9641723.33,8126105.30,active
KXMENWORLDCUP,KXMENWORLDCUP-26,KXMENWORLDCUP-26-CA,Will the Canada win the 2026 Men's World Cup?,0.002,0.003,0.0025,0.003,7993305.05,7599656.13,active
KXMENWORLDCUP,KXMENWORLDCUP-26,KXMENWORLDCUP-26-AT,Will the Austria win the 2026 Men's World Cup?,0.001,0.002,0.0015,0.002,9582512.90,8129825.66,active
KXMENWORLDCUP,KXMENWORLDCUP-26,KXMENWORLDCUP-26-UY,Will the Uruguay win the 2026 Men's World Cup?,0.002,0.003,0.0025,0.003,10127171.57,9023724.23,active
KXMENWORLDCUP,KXMENWORLDCUP-26,KXMENWORLDCUP-26-US,Will the USA win the 2026 Men's World Cup?,0.047,0.048,0.0475,0.048,42910539.89,32303714.56,active
KXMENWORLDCUP,KXMENWORLDCUP-26,KXMENWORLDCUP-26-PT,Will the Portugal win the 2026 Men's World Cup?,0.088,0.092,0.09,0.092,25505934.35,19347820.80,active
KXMENWORLDCUP,KXMENWORLDCUP-26,KXMENWORLDCUP-26-NL,Will the Netherlands win the 2026 Men's World Cup?,0.068,0.069,0.0685,0.069,22582320.99,18346654.57,active
KXMENWORLDCUP,KXMENWORLDCUP-26,KXMENWORLDCUP-26-HR,Will the Croatia win the 2026 Men's World Cup?,0.004,0.005,0.0045,0.005,11325816.15,9708446.36,active
KXMENWORLDCUP,KXMENWORLDCUP-26,KXMENWORLDCUP-26-GB,Will the England win the 2026 Men's World Cup?,0.099,0.103,0.101,0.103,14519254.87,11488338.78,active
KXMENWORLDCUP,KXMENWORLDCUP-26,KXMENWORLDCUP-26-DE,Will the Germany win the 2026 Men's World Cup?,0.051,0.055,0.053,0.055,13416053.80,10793533.47,active
KXMENWORLDCUP,KXMENWORLDCUP-26,KXMENWORLDCUP-26-BR,Will the Brazil win the 2026 Men's World Cup?,0.049,0.05,0.0495,0.049,12498056.86,10590387.16,active
KXMENWORLDCUP,KXMENWORLDCUP-26,KXMENWORLDCUP-26-BE,Will the Belgium win the 2026 Men's World Cup?,0.011,0.012,0.0115,0.012,10256976.91,8273418.82,active
KXMENWORLDCUP,KXMENWORLDCUP-26,KXMENWORLDCUP-26-AR,Will the Argentina win the 2026 Men's World Cup?,0.139,0.142,0.1405,0.139,18930123.95,15491876.58,active
KXMENWORLDCUP,KXMENWORLDCUP-26,KXMENWORLDCUP-26-FR,Will the France win the 2026 Men's World Cup?,0.196,0.205,0.2005,0.205,22840979.55,16281224.64,active
KXMENWORLDCUP,KXMENWORLDCUP-26,KXMENWORLDCUP-26-ES,Will the Spain win the 2026 Men's World Cup?,0.132,0.134,0.133,0.132,16589238.26,12417469.47,active
,KXWORLDCUPHALFTIME-26,KXWORLDCUPHALFTIME-26-ZAC,Who will perform at the 2026 FIFA World Cup final halftime show?,0.01,0.04,0.025,0.01,563.03,459.79,active
,KXWORLDCUPHALFTIME-26,KXWORLDCUPHALFTIME-26-YOU,Who will perform at the 2026 FIFA World Cup final halftime show?,0.01,0.02,0.015,0.01,614.00,402.00,active
,KXWORLDCUPHALFTIME-26,KXWORLDCUPHALFTIME-26-YAC,Who will perform at the 2026 FIFA World Cup final halftime show?,0.01,0.02,0.015,0.01,571.00,544.00,active
,KXWORLDCUPHALFTIME-26,KXWORLDCUPHALFTIME-26-XCX,Who will perform at the 2026 FIFA World Cup final halftime show?,0.01,0.28,0.145,0.22,694.12,403.94,active
,KXWORLDCUPHALFTIME-26,KXWORLDCUPHALFTIME-26-WEE,Who will perform at the 2026 FIFA World Cup final halftime show?,0.01,0.49,0.25,0.13,1949.45,1161.40,active
,KXWORLDCUPHALFTIME-26,KXWORLDCUPHALFTIME-26-WAY,Who will perform at the 2026 FIFA World Cup final halftime show?,0.01,0.04,0.025,0.01,61.00,45.00,active
,KXWORLDCUPHALFTIME-26,KXWORLDCUPHALFTIME-26-UZI,Who will perform at the 2026 FIFA World Cup final halftime show?,0.01,0.05,0.03,0.02,479.00,292.00,active
,KXWORLDCUPHALFTIME-26,KXWORLDCUPHALFTIME-26-USH,Who will perform at the 2026 FIFA World Cup final halftime show?,0.01,0.04,0.025,0.01,73.43,42.43,active
,KXWORLDCUPHALFTIME-26,KXWORLDCUPHALFTIME-26-TYLA,Who will perform at the 2026 FIFA World Cup final halftime show?,0.01,0.46,0.235,0.04,2966.61,1551.42,active
,KXWORLDCUPHALFTIME-26,KXWORLDCUPHALFTIME-26-TYL,Who will perform at the 2026 FIFA World Cup final halftime show?,0.01,0.02,0.015,0.01,190.00,178.00,active
,KXWORLDCUPHALFTIME-26,KXWORLDCUPHALFTIME-26-TYG,Who will perform at the 2026 FIFA World Cup final halftime show?,0.01,0.03,0.02,0.01,196.00,124.00,active
,KXWORLDCUPHALFTIME-26,KXWORLDCUPHALFTIME-26-TRI,Who will perform at the 2026 FIFA World Cup final halftime show?,0.01,0.02,0.015,0.01,471.00,444.00,active
,KXWORLDCUPHALFTIME-26,KXWORLDCUPHALFTIME-26-TRA,Who will perform at the 2026 FIFA World Cup final halftime show?,0.01,0.04,0.025,0.01,673.24,366.29,active
,KXWORLDCUPHALFTIME-26,KXWORLDCUPHALFTIME-26-TPA,Who will perform at the 2026 FIFA World Cup final halftime show?,0.01,0.04,0.025,0.01,461.00,427.00,active
,KXWORLDCUPHALFTIME-26,KXWORLDCUPHALFTIME-26-TIM,Who will perform at the 2026 FIFA World Cup final halftime show?,0.01,0.04,0.025,0.01,75.95,41.10,active
,KXWORLDCUPHALFTIME-26,KXWORLDCUPHALFTIME-26-THU,Who will perform at the 2026 FIFA World Cup final halftime show?,0.01,0.03,0.02,0.01,137.08,105.08,active
,KXWORLDCUPHALFTIME-26,KXWORLDCUPHALFTIME-26-TAY,Who will perform at the 2026 FIFA World Cup final halftime show?,0.01,0.05,0.03,0.05,437.09,240.34,active
,KXWORLDCUPHALFTIME-26,KXWORLDCUPHALFTIME-26-TAT,Who will perform at the 2026 FIFA World Cup final halftime show?,0.01,0.03,0.02,0.01,428.90,309.06,active
,KXWORLDCUPHALFTIME-26,KXWORLDCUPHALFTIME-26-SZA,Who will perform at the 2026 FIFA World Cup final halftime show?,0.01,0.03,0.02,0.01,616.88,345.99,active
,KXWORLDCUPHALFTIME-26,KXWORLDCUPHALFTIME-26-SWA,Who will perform at the 2026 FIFA World Cup final halftime show?,0.01,0.03,0.02,0.01,389.93,149.30,active
,KXWORLDCUPHALFTIME-26,KXWORLDCUPHALFTIME-26-STR,Who will perform at the 2026 FIFA World Cup final halftime show?,0.01,0.02,0.015,0.02,946.18,727.00,active
,KXWORLDCUPHALFTIME-26,KXWORLDCUPHALFTIME-26-SOM,Who will perform at the 2026 FIFA World Cup final halftime show?,0.01,0.04,0.025,0.01,1431.60,739.60,active
,KXWORLDCUPHALFTIME-26,KXWORLDCUPHALFTIME-26-SIA,Who will perform at the 2026 FIFA World Cup final halftime show?,0.01,0.24,0.125,0.01,286.00,161.00,active
,KXWORLDCUPHALFTIME-26,KXWORLDCUPHALFTIME-26-SHAW,Who will perform at the 2026 FIFA World Cup final halftime show?,0.01,0.02,0.015,0.06,353.00,333.00,active
,KXWORLDCUPHALFTIME-26,KXWORLDCUPHALFTIME-26-SHA,Who will perform at the 2026 FIFA World Cup final halftime show?,0.01,0.04,0.025,0.01,404.00,359.00,active
,KXWORLDCUPHALFTIME-26,KXWORLDCUPHALFTIME-26-SEX,Who will perform at the 2026 FIFA World Cup final halftime show?,0.01,0.02,0.015,0.06,554.00,552.00,active
,KXWORLDCUPHALFTIME-26,KXWORLDCUPHALFTIME-26-SAM,Who will perform at the 2026 FIFA World Cup final halftime show?,0.01,0.07,0.04,0.01,1919.00,1123.00,active
,KXWORLDCUPHALFTIME-26,KXWORLDCUPHALFTIME-26-SAB,Who will perform at the 2026 FIFA World Cup final halftime show?,0.05,0.19,0.12,0.19,2915.02,1131.50,active
,KXWORLDCUPHALFTIME-26,KXWORLDCUPHALFTIME-26-RUA,Who will perform at the 2026 FIFA World Cup final halftime show?,0.01,0.05,0.03,0.06,317.55,285.59,active
,KXWORLDCUPHALFTIME-26,KXWORLDCUPHALFTIME-26-ROS,Who will perform at the 2026 FIFA World Cup final halftime show?,0.01,0.19,0.1,0.11,1189.81,609.60,active
,KXWORLDCUPHALFTIME-26,KXWORLDCUPHALFTIME-26-ROD,Who will perform at the 2026 FIFA World Cup final halftime show?,0.01,0.04,0.025,0.01,193.02,108.02,active
,KXWORLDCUPHALFTIME-26,KXWORLDCUPHALFTIME-26-RIH,Who will perform at the 2026 FIFA World Cup final halftime show?,0.01,0.03,0.02,0.03,2491.33,1733.40,active
,KXWORLDCUPHALFTIME-26,KXWORLDCUPHALFTIME-26-QUA,Who will perform at the 2026 FIFA World Cup final halftime show?,0.01,0.02,0.015,0.06,42.00,25.00,active
,KXWORLDCUPHALFTIME-26,KXWORLDCUPHALFTIME-26-POS,Who will perform at the 2026 FIFA World Cup final halftime show?,0.01,0.04,0.025,0.01,668.33,455.16,active
,KXWORLDCUPHALFTIME-26,KXWORLDCUPHALFTIME-26-POL,Who will perform at the 2026 FIFA World Cup final halftime show?,0.01,0.02,0.015,0.01,796.00,546.00,active
,KXWORLDCUPHALFTIME-26,KXWORLDCUPHALFTIME-26-PINK,Who will perform at the 2026 FIFA World Cup final halftime show?,0.02,0.19,0.105,0.19,195.21,146.21,active
,KXWORLDCUPHALFTIME-26,KXWORLDCUPHALFTIME-26-PIN,Who will perform at the 2026 FIFA World Cup final halftime show?,0.01,0.02,0.015,0.01,1002.00,569.00,active
,KXWORLDCUPHALFTIME-26,KXWORLDCUPHALFTIME-26-PHA,Who will perform at the 2026 FIFA World Cup final halftime show?,0.01,0.03,0.02,0.01,226.81,151.81,active
,KXWORLDCUPHALFTIME-26,KXWORLDCUPHALFTIME-26-PEA,Who will perform at the 2026 FIFA World Cup final halftime show?,0.01,0.02,0.015,0.01,1416.78,1030.00,active
,KXWORLDCUPHALFTIME-26,KXWORLDCUPHALFTIME-26-PAR,Who will perform at the 2026 FIFA World Cup final halftime show?,0.01,0.02,0.015,0.01,612.00,612.00,active
,KXWORLDCUPHALFTIME-26,KXWORLDCUPHALFTIME-26-OZU,Who will perform at the 2026 FIFA World Cup final halftime show?,0.01,0.03,0.02,0.04,474.93,364.93,active
,KXWORLDCUPHALFTIME-26,KXWORLDCUPHALFTIME-26-OUT,Who will perform at the 2026 FIFA World Cup final halftime show?,0.01,0.13,0.07,0.01,231.00,157.00,active
,KXWORLDCUPHALFTIME-26,KXWORLDCUPHALFTIME-26-OLI,Who will perform at the 2026 FIFA World Cup final halftime show?,0.01,0.05,0.03,0.06,335.61,323.61,active
,KXWORLDCUPHALFTIME-26,KXWORLDCUPHALFTIME-26-OFF,Who will perform at the 2026 FIFA World Cup final halftime show?,0.01,0.24,0.125,0.01,291.00,279.00,active
,KXWORLDCUPHALFTIME-26,KXWORLDCUPHALFTIME-26-OAS,Who will perform at the 2026 FIFA World Cup final halftime show?,0.01,0.06,0.035,0.05,1023.33,700.88,active
,KXWORLDCUPHALFTIME-26,KXWORLDCUPHALFTIME-26-NIC,Who will perform at the 2026 FIFA World Cup final halftime show?,0.01,0.04,0.025,0.02,674.18,478.37,active
,KXWORLDCUPHALFTIME-26,KXWORLDCUPHALFTIME-26-NF,Who will perform at the 2026 FIFA World Cup final halftime show?,0.01,0.02,0.015,0.01,728.00,529.00,active
,KXWORLDCUPHALFTIME-26,KXWORLDCUPHALFTIME-26-NASX,Who will perform at the 2026 FIFA World Cup final halftime show?,0.01,0.02,0.015,0.01,659.58,550.00,active
,KXWORLDCUPHALFTIME-26,KXWORLDCUPHALFTIME-26-MOR,Who will perform at the 2026 FIFA World Cup final halftime show?,0.01,0.03,0.02,0.02,1188.95,1020.95,active
,KXWORLDCUPHALFTIME-26,KXWORLDCUPHALFTIME-26-MIL,Who will perform at the 2026 FIFA World Cup final halftime show?,0.01,0.03,0.02,0.01,1093.01,880.00,active
,KXWORLDCUPHALFTIME-26,KXWORLDCUPHALFTIME-26-MGK,Who will perform at the 2026 FIFA World Cup final halftime show?,0.01,0.04,0.025,0.01,257.11,157.11,active
,KXWORLDCUPHALFTIME-26,KXWORLDCUPHALFTIME-26-MET,Who will perform at the 2026 FIFA World Cup final halftime show?,0.01,0.25,0.13,0.04,476.99,454.86,active
,KXWORLDCUPHALFTIME-26,KXWORLDCUPHALFTIME-26-MEG,Who will perform at the 2026 FIFA World Cup final halftime show?,0.01,0.88,0.445,0.23,76.29,58.29,active
,KXWORLDCUPHALFTIME-26,KXWORLDCUPHALFTIME-26-MARO,Who will perform at the 2026 FIFA World Cup final halftime show?,0.01,0.03,0.02,0.01,634.27,406.27,active
,KXWORLDCUPHALFTIME-26,KXWORLDCUPHALFTIME-26-MARI,Who will perform at the 2026 FIFA World Cup final halftime show?,0.01,0.02,0.015,0.01,251.00,147.00,active
,KXWORLDCUPHALFTIME-26,KXWORLDCUPHALFTIME-26-MAR,Who will perform at the 2026 FIFA World Cup final halftime show?,0.01,0.21,0.11,0.01,1956.00,275.00,active
,KXWORLDCUPHALFTIME-26,KXWORLDCUPHALFTIME-26-LUK,Who will perform at the 2026 FIFA World Cup final halftime show?,0.01,0.02,0.015,0.01,704.00,650.00,active
,KXWORLDCUPHALFTIME-26,KXWORLDCUPHALFTIME-26-LOL,Who will perform at the 2026 FIFA World Cup final halftime show?,0.01,0.05,0.03,0.01,648.00,555.00,active
,KXWORLDCUPHALFTIME-26,KXWORLDCUPHALFTIME-26-LOG,Who will perform at the 2026 FIFA World Cup final halftime show?,0.01,0.03,0.02,0.01,5465.00,721.00,active
,KXWORLDCUPHALFTIME-26,KXWORLDCUPHALFTIME-26-LIN,Who will perform at the 2026 FIFA World Cup final halftime show?,0.01,0.47,0.24,0.01,574.00,296.00,active
,KXWORLDCUPHALFTIME-26,KXWORLDCUPHALFTIME-26-LEW,Who will perform at the 2026 FIFA World Cup final halftime show?,0.01,0.03,0.02,0.02,767.00,590.00,active
,KXWORLDCUPHALFTIME-26,KXWORLDCUPHALFTIME-26-LEO,Who will perform at the 2026 FIFA World Cup final halftime show?,0.01,0.03,0.02,0.01,948.00,732.00,active
,KXWORLDCUPHALFTIME-26,KXWORLDCUPHALFTIME-26-LAN,Who will perform at the 2026 FIFA World Cup final halftime show?,0.01,0.02,0.015,0.01,406.00,232.00,active
,KXWORLDCUPHALFTIME-26,KXWORLDCUPHALFTIME-26-LAD,Who will perform at the 2026 FIFA World Cup final halftime show?,0.06,0.08,0.07,0.14,1092.31,681.74,active
,KXWORLDCUPHALFTIME-26,KXWORLDCUPHALFTIME-26-KOD,Who will perform at the 2026 FIFA World Cup final halftime show?,0.01,0.04,0.025,0.01,521.00,487.00,active
,KXWORLDCUPHALFTIME-26,KXWORLDCUPHALFTIME-26-KIDC,Who will perform at the 2026 FIFA World Cup final halftime show?,0.01,0.19,0.1,0.01,261.00,105.00,active
,KXWORLDCUPHALFTIME-26,KXWORLDCUPHALFTIME-26-KID,Who will perform at the 2026 FIFA World Cup final halftime show?,0.01,0.03,0.02,0.04,680.00,373.00,active
,KXWORLDCUPHALFTIME-26,KXWORLDCUPHALFTIME-26-KHA,Who will perform at the 2026 FIFA World Cup final halftime show?,0.01,0.03,0.02,0.06,290.21,244.21,active
,KXWORLDCUPHALFTIME-26,KXWORLDCUPHALFTIME-26-KEN,Who will perform at the 2026 FIFA World Cup final halftime show?,0.01,0.36,0.185,0.19,677.79,515.22,active
,KXWORLDCUPHALFTIME-26,KXWORLDCUPHALFTIME-26-KATS,Who will perform at the 2026 FIFA World Cup final halftime show?,0.06,0.17,0.115,0.26,2271.11,1426.37,active
,KXWORLDCUPHALFTIME-26,KXWORLDCUPHALFTIME-26-KAT,Who will perform at the 2026 FIFA World Cup final halftime show?,0.01,0.18,0.095,0.18,1180.48,918.05,active
,KXWORLDCUPHALFTIME-26,KXWORLDCUPHALFTIME-26-KAR,Who will perform at the 2026 FIFA World Cup final halftime show?,0.01,0.14,0.075,0.06,2130.54,1240.42,active
,KXWORLDCUPHALFTIME-26,KXWORLDCUPHALFTIME-26-KAN,Who will perform at the 2026 FIFA World Cup final halftime show?,0.01,0.03,0.02,0.01,1827.43,1368.27,active
,KXWORLDCUPHALFTIME-26,KXWORLDCUPHALFTIME-26-KAL,Who will perform at the 2026 FIFA World Cup final halftime show?,0.01,0.04,0.025,0.01,629.00,479.00,active
,KXWORLDCUPHALFTIME-26,KXWORLDCUPHALFTIME-26-JUS,Who will perform at the 2026 FIFA World Cup final halftime show?,0.57,0.58,0.575,0.58,44131.95,30002.92,active
,KXWORLDCUPHALFTIME-26,KXWORLDCUPHALFTIME-26-JOJ,Who will perform at the 2026 FIFA World Cup final halftime show?,0.01,0.02,0.015,0.01,337.00,313.00,active
,KXWORLDCUPHALFTIME-26,KXWORLDCUPHALFTIME-26-JOH,Who will perform at the 2026 FIFA World Cup final halftime show?,0.01,0.04,0.025,0.01,1509.24,696.71,active
,KXWORLDCUPHALFTIME-26,KXWORLDCUPHALFTIME-26-JCO,Who will perform at the 2026 FIFA World Cup final halftime show?,0.01,0.03,0.02,0.01,239.00,128.00,active
,KXWORLDCUPHALFTIME-26,KXWORLDCUPHALFTIME-26-JBA,Who will perform at the 2026 FIFA World Cup final halftime show?,0.05,0.13,0.09,0.14,3119.71,1308.98,active
,KXWORLDCUPHALFTIME-26,KXWORLDCUPHALFTIME-26-JAY,Who will perform at the 2026 FIFA World Cup final halftime show?,0.01,0.31,0.16,0.35,1216.21,671.31,active
,KXWORLDCUPHALFTIME-26,KXWORLDCUPHALFTIME-26-JAS,Who will perform at the 2026 FIFA World Cup final halftime show?,0.01,0.03,0.02,0.01,320.00,305.00,active
,KXWORLDCUPHALFTIME-26,KXWORLDCUPHALFTIME-26-IMA,Who will perform at the 2026 FIFA World Cup final halftime show?,0.09,0.32,0.205,0.06,1031.82,807.15,active
,KXWORLDCUPHALFTIME-26,KXWORLDCUPHALFTIME-26-ICE,Who will perform at the 2026 FIFA World Cup final halftime show?,0.07,0.08,0.075,0.09,912.15,604.15,active
,KXWORLDCUPHALFTIME-26,KXWORLDCUPHALFTIME-26-GUN,Who will perform at the 2026 FIFA World Cup final halftime show?,0.01,0.02,0.015,0.01,1177.12,821.12,active
,KXWORLDCUPHALFTIME-26,KXWORLDCUPHALFTIME-26-GRE,Who will perform at the 2026 FIFA World Cup final halftime show?,0.01,0.03,0.02,0.01,320.00,208.00,active
,KXWORLDCUPHALFTIME-26,KXWORLDCUPHALFTIME-26-GRA,Who will perform at the 2026 FIFA World Cup final halftime show?,0.01,0.04,0.025,0.01,424.00,288.00,active
,KXWORLDCUPHALFTIME-26,KXWORLDCUPHALFTIME-26-FUT,Who will perform at the 2026 FIFA World Cup final halftime show?,0.04,0.08,0.06,0.08,4845.07,3642.28,active
,KXWORLDCUPHALFTIME-26,KXWORLDCUPHALFTIME-26-FRE,Who will perform at the 2026 FIFA World Cup final halftime show?,0.01,0.03,0.02,0.01,265.71,169.00,active
,KXWORLDCUPHALFTIME-26,KXWORLDCUPHALFTIME-26-FRA,Who will perform at the 2026 FIFA World Cup final halftime show?,0.01,0.03,0.02,0.01,255.00,241.00,active
,KXWORLDCUPHALFTIME-26,KXWORLDCUPHALFTIME-26-FOO,Who will perform at the 2026 FIFA World Cup final halftime show?,0.01,0.24,0.125,0.01,159.00,130.00,active
,KXWORLDCUPHALFTIME-26,KXWORLDCUPHALFTIME-26-FAL,Who will perform at the 2026 FIFA World Cup final halftime show?,0.01,0.29,0.15,0.26,414.50,382.50,active
,KXWORLDCUPHALFTIME-26,KXWORLDCUPHALFTIME-26-EMI,Who will perform at the 2026 FIFA World Cup final halftime show?,0.01,0.03,0.02,0.01,585.30,361.12,active
,KXWORLDCUPHALFTIME-26,KXWORLDCUPHALFTIME-26-ELT,Who will perform at the 2026 FIFA World Cup final halftime show?,0.01,0.04,0.025,0.01,566.00,241.00,active
,KXWORLDCUPHALFTIME-26,KXWORLDCUPHALFTIME-26-ELL,Who will perform at the 2026 FIFA World Cup final halftime show?,0.04,0.05,0.045,0.03,144.00,71.00,active
,KXWORLDCUPHALFTIME-26,KXWORLDCUPHALFTIME-26-ED,Who will perform at the 2026 FIFA World Cup final halftime show?,0.01,0.21,0.11,0.22,510.46,323.46,active
,KXWORLDCUPHALFTIME-26,KXWORLDCUPHALFTIME-26-EAG,Who will perform at the 2026 FIFA World Cup final halftime show?,0.01,0.03,0.02,0.02,284.00,256.00,active
,KXWORLDCUPHALFTIME-26,KXWORLDCUPHALFTIME-26-DUA,Who will perform at the 2026 FIFA World Cup final halftime show?,0.01,0.07,0.04,0.06,1761.57,1081.81,active
,KXWORLDCUPHALFTIME-26,KXWORLDCUPHALFTIME-26-DRA,Who will perform at the 2026 FIFA World Cup final halftime show?,0.14,0.15,0.145,0.15,14875.54,10369.61,active
,KXWORLDCUPHALFTIME-26,KXWORLDCUPHALFTIME-26-DON,Who will perform at the 2026 FIFA World Cup final halftime show?,0.01,0.09,0.05,0.01,806.00,597.00,active
,KXWORLDCUPHALFTIME-26,KXWORLDCUPHALFTIME-26-DOJ,Who will perform at the 2026 FIFA World Cup final halftime show?,0.02,0.25,0.135,0.14,944.90,545.38,active
,KXWCSONG-26JUL25,KXWCSONG-26JUL25-DNA,Will DNA (More Than A Game) be Top 10 on the any Billboard Hot 100 chart after June 10th and before July 26th ,0.0,0.1,0.05,0.1,4875.90,4251.28,active
,KXWCWINNERTRAIL-26,KXWCWINNERTRAIL-26-Y,Will the World Cup winner never trail in a match throughout the 2026 Men's FIFA World Cup?,0.26,0.27,0.265,0.27,4357.49,3043.06,active
,KXWCTEAMSINGAME-26USAMEX,KXWCTEAMSINGAME-26USAMEX-Y,Will USA play Mexico in the 2026 Men's FIFA World Cup?,0.03,0.14,0.085,0.03,539.29,538.77,active
,KXWCTEAMSINGAME-26USAIRI,KXWCTEAMSINGAME-26USAIRI-Y,Will USA play Iran in the 2026 Men's FIFA World Cup?,0.05,0.06,0.055,0.06,455.22,363.90,active
,KXWCTEAMSINGAME-26FRAGER,KXWCTEAMSINGAME-26FRAGER-Y,Will France play Germany in the 2026 Men's FIFA World Cup?,0.12,0.89,0.505,0.0,0.00,0.00,active
,KXWCTEAMSINGAME-26BRAARG,KXWCTEAMSINGAME-26BRAARG-Y,Will Brazil play Argentina in the 2026 Men's FIFA World Cup?,0.06,0.74,0.4,0.0,0.00,0.00,active
,KXWCTEAMSINGAME-26ARGPOR,KXWCTEAMSINGAME-26ARGPOR-Y,Will Argentina play Portugal in the 2026 Men's FIFA World Cup?,0.25,0.44,0.345,0.84,10.01,4.01,active
,KXWCNOEURSA-26,KXWCNOEURSA-26-Y,Will the winner of the 2026 Men's FIFA World Cup be from any continent other than Europe or South America?,0.11,0.12,0.115,0.11,184325.78,134198.63,active
,KXWCLONGESTPEN-26,KXWCLONGESTPEN-26-9,Will the longest penalty shootout in the knockout stage of the 2026 Men's FIFA World Cup be at least 9 rounds?,0.02,0.79,0.405,0.2,15.00,15.00,active
,KXWCLONGESTPEN-26,KXWCLONGESTPEN-26-8,Will the longest penalty shootout in the knockout stage of the 2026 Men's FIFA World Cup be at least 8 rounds?,0.02,0.76,0.39,0.17,70.59,70.59,active
,KXWCLONGESTPEN-26,KXWCLONGESTPEN-26-7,Will the longest penalty shootout in the knockout stage of the 2026 Men's FIFA World Cup be at least 7 rounds?,0.21,0.77,0.49,0.27,224.82,224.82,active
,KXWCLONGESTPEN-26,KXWCLONGESTPEN-26-6,Will the longest penalty shootout in the knockout stage of the 2026 Men's FIFA World Cup be at least 6 rounds?,0.21,0.8,0.505,0.8,606.55,506.55,active
,KXWCLONGESTPEN-26,KXWCLONGESTPEN-26-13,Will the longest penalty shootout in the knockout stage of the 2026 Men's FIFA World Cup be at least 13 rounds?,0.02,0.18,0.1,0.17,21.00,16.00,active
,KXWCLONGESTPEN-26,KXWCLONGESTPEN-26-12,Will the longest penalty shootout in the knockout stage of the 2026 Men's FIFA World Cup be at least 12 rounds?,0.02,0.79,0.405,0.21,15.00,15.00,active
,KXWCLONGESTPEN-26,KXWCLONGESTPEN-26-11,Will the longest penalty shootout in the knockout stage of the 2026 Men's FIFA World Cup be at least 11 rounds?,0.02,0.79,0.405,0.21,15.00,15.00,active
,KXWCLONGESTPEN-26,KXWCLONGESTPEN-26-10,Will the longest penalty shootout in the knockout stage of the 2026 Men's FIFA World Cup be at least 10 rounds?,0.02,0.79,0.405,0.08,215.00,215.00,active
,KXWCGOALEVERYGAME-26KO,KXWCGOALEVERYGAME-26KO-Y,Will any player score a goal in every knockout stage match in the 2026 Men's FIFA World Cup?,0.24,0.32,0.28,0.32,5211.44,3086.49,active
,KXWCFIRSTSONG-26JUL20,KXWCFIRSTSONG-26JUL20-ZOO,"Will Zoo be the first song performed by any of Madonna, Shakira, or BTS (any member of BTS) during the FIFA World Cup 2026 Final Halftime Show scheduled for July 19, 2026 at New York New Jersey Stadium?",0.02,0.03,0.025,0.03,1544.21,898.00,active
,KXWCFIRSTSONG-26JUL20,KXWCFIRSTSONG-26JUL20-WHE,"Will Whenever, Wherever be the first song performed by any of Madonna, Shakira, or BTS (any member of BTS) during the FIFA World Cup 2026 Final Halftime Show scheduled for July 19, 2026 at New York New Jersey Stadium?",0.01,0.02,0.015,0.01,340.01,338.01,active
,KXWCFIRSTSONG-26JUL20,KXWCFIRSTSONG-26JUL20-WAK,"Will Waka Waka (This Time for Africa) be the first song performed by any of Madonna, Shakira, or BTS (any member of BTS) during the FIFA World Cup 2026 Final Halftime Show scheduled for July 19, 2026 at New York New Jersey Stadium?",0.01,0.02,0.015,0.02,1786.58,1689.59,active
,KXWCFIRSTSONG-26JUL20,KXWCFIRSTSONG-26JUL20-VOG,"Will Vogue be the first song performed by any of Madonna, Shakira, or BTS (any member of BTS) during the FIFA World Cup 2026 Final Halftime Show scheduled for July 19, 2026 at New York New Jersey Stadium?",0.02,0.03,0.025,0.03,1048.46,912.93,active
,KXWCFIRSTSONG-26JUL20,KXWCFIRSTSONG-26JUL20-TQG,"Will TQG be the first song performed by any of Madonna, Shakira, or BTS (any member of BTS) during the FIFA World Cup 2026 Final Halftime Show scheduled for July 19, 2026 at New York New Jersey Stadium?",0.03,0.04,0.035,0.04,3043.58,1881.28,active
,KXWCFIRSTSONG-26JUL20,KXWCFIRSTSONG-26JUL20-THE,"Will they don't know 'bout us be the first song performed by any of Madonna, Shakira, or BTS (any member of BTS) during the FIFA World Cup 2026 Final Halftime Show scheduled for July 19, 2026 at New York New Jersey Stadium?",0.01,0.02,0.015,0.01,719.95,715.95,active
,KXWCFIRSTSONG-26JUL20,KXWCFIRSTSONG-26JUL20-SWI,"Will SWIM be the first song performed by any of Madonna, Shakira, or BTS (any member of BTS) during the FIFA World Cup 2026 Final Halftime Show scheduled for July 19, 2026 at New York New Jersey Stadium?",0.05,0.06,0.055,0.06,9419.33,5377.90,active
,KXWCFIRSTSONG-26JUL20,KXWCFIRSTSONG-26JUL20-POP,"Will Popular be the first song performed by any of Madonna, Shakira, or BTS (any member of BTS) during the FIFA World Cup 2026 Final Halftime Show scheduled for July 19, 2026 at New York New Jersey Stadium?",0.02,0.03,0.025,0.02,369.00,284.00,active
,KXWCFIRSTSONG-26JUL20,KXWCFIRSTSONG-26JUL20-NOR,"Will NORMAL be the first song performed by any of Madonna, Shakira, or BTS (any member of BTS) during the FIFA World Cup 2026 Final Halftime Show scheduled for July 19, 2026 at New York New Jersey Stadium?",0.01,0.02,0.015,0.01,434.00,324.00,active
,KXWCFIRSTSONG-26JUL20,KXWCFIRSTSONG-26JUL20-MAT,"Will Material Girl be the first song performed by any of Madonna, Shakira, or BTS (any member of BTS) during the FIFA World Cup 2026 Final Halftime Show scheduled for July 19, 2026 at New York New Jersey Stadium?",0.02,0.03,0.025,0.02,254.00,252.00,active
,KXWCFIRSTSONG-26JUL20,KXWCFIRSTSONG-26JUL20-LOV,"Will Love Sensation be the first song performed by any of Madonna, Shakira, or BTS (any member of BTS) during the FIFA World Cup 2026 Final Halftime Show scheduled for July 19, 2026 at New York New Jersey Stadium?",0.01,0.02,0.015,0.01,254.00,252.00,active
,KXWCFIRSTSONG-26JUL20,KXWCFIRSTSONG-26JUL20-LIKEA,"Will Like a Virgin be the first song performed by any of Madonna, Shakira, or BTS (any member of BTS) during the FIFA World Cup 2026 Final Halftime Show scheduled for July 19, 2026 at New York New Jersey Stadium?",0.01,0.02,0.015,0.01,264.00,262.00,active
,KXWCFIRSTSONG-26JUL20,KXWCFIRSTSONG-26JUL20-LIKE,"Will Like a Prayer be the first song performed by any of Madonna, Shakira, or BTS (any member of BTS) during the FIFA World Cup 2026 Final Halftime Show scheduled for July 19, 2026 at New York New Jersey Stadium?",0.01,0.02,0.015,0.02,371.00,369.00,active
,KXWCFIRSTSONG-26JUL20,KXWCFIRSTSONG-26JUL20-LIK,"Will Like Animals be the first song performed by any of Madonna, Shakira, or BTS (any member of BTS) during the FIFA World Cup 2026 Final Halftime Show scheduled for July 19, 2026 at New York New Jersey Stadium?",0.01,0.02,0.015,0.01,295.20,262.00,active
,KXWCFIRSTSONG-26JUL20,KXWCFIRSTSONG-26JUL20-LIF,"Will Life Goes On be the first song performed by any of Madonna, Shakira, or BTS (any member of BTS) during the FIFA World Cup 2026 Final Halftime Show scheduled for July 19, 2026 at New York New Jersey Stadium?",0.01,0.02,0.015,0.02,828.67,543.05,active
,KXWCFIRSTSONG-26JUL20,KXWCFIRSTSONG-26JUL20-LAT,"Will La Tortura be the first song performed by any of Madonna, Shakira, or BTS (any member of BTS) during the FIFA World Cup 2026 Final Halftime Show scheduled for July 19, 2026 at New York New Jersey Stadium?",0.01,0.02,0.015,0.01,292.00,260.00,active
,KXWCFIRSTSONG-26JUL20,KXWCFIRSTSONG-26JUL20-LAI,"Will La Isla Bonita be the first song performed by any of Madonna, Shakira, or BTS (any member of BTS) during the FIFA World Cup 2026 Final Halftime Show scheduled for July 19, 2026 at New York New Jersey Stadium?",0.01,0.02,0.015,0.02,443.12,326.00,active
,KXWCFIRSTSONG-26JUL20,KXWCFIRSTSONG-26JUL20-INTO,"Will Into the Groove be the first song performed by any of Madonna, Shakira, or BTS (any member of BTS) during the FIFA World Cup 2026 Final Halftime Show scheduled for July 19, 2026 at New York New Jersey Stadium?",0.02,0.03,0.025,0.02,260.00,260.00,active
,KXWCFIRSTSONG-26JUL20,KXWCFIRSTSONG-26JUL20-INT,"Will Into the Sun be the first song performed by any of Madonna, Shakira, or BTS (any member of BTS) during the FIFA World Cup 2026 Final Halftime Show scheduled for July 19, 2026 at New York New Jersey Stadium?",0.01,0.02,0.015,0.02,328.00,296.00,active
,KXWCFIRSTSONG-26JUL20,KXWCFIRSTSONG-26JUL20-IFE,"Will I feel So Free be the first song performed by any of Madonna, Shakira, or BTS (any member of BTS) during the FIFA World Cup 2026 Final Halftime Show scheduled for July 19, 2026 at New York New Jersey Stadium?",0.02,0.03,0.025,0.02,261.00,261.00,active
,KXWCFIRSTSONG-26JUL20,KXWCFIRSTSONG-26JUL20-HUN,"Will Hung Up be the first song performed by any of Madonna, Shakira, or BTS (any member of BTS) during the FIFA World Cup 2026 Final Halftime Show scheduled for July 19, 2026 at New York New Jersey Stadium?",0.01,0.02,0.015,0.01,276.00,260.00,active
,KXWCFIRSTSONG-26JUL20,KXWCFIRSTSONG-26JUL20-HOO,"Will Hooligan be the first song performed by any of Madonna, Shakira, or BTS (any member of BTS) during the FIFA World Cup 2026 Final Halftime Show scheduled for July 19, 2026 at New York New Jersey Stadium?",0.02,0.03,0.025,0.03,998.77,738.77,active
,KXWCFIRSTSONG-26JUL20,KXWCFIRSTSONG-26JUL20-HIPS,"Will Hips Don't Lie be the first song performed by any of Madonna, Shakira, or BTS (any member of BTS) during the FIFA World Cup 2026 Final Halftime Show scheduled for July 19, 2026 at New York New Jersey Stadium?",0.01,0.02,0.015,0.02,874.00,731.62,active
,KXWCFIRSTSONG-26JUL20,KXWCFIRSTSONG-26JUL20-GIR,"Will GIRL LIKE ME be the first song performed by any of Madonna, Shakira, or BTS (any member of BTS) during the FIFA World Cup 2026 Final Halftime Show scheduled for July 19, 2026 at New York New Jersey Stadium?",0.02,0.03,0.025,0.02,260.00,260.00,active
,KXWCFIRSTSONG-26JUL20,KXWCFIRSTSONG-26JUL20-FYA,"Will FYA be the first song performed by any of Madonna, Shakira, or BTS (any member of BTS) during the FIFA World Cup 2026 Final Halftime Show scheduled for July 19, 2026 at New York New Jersey Stadium?",0.02,0.03,0.025,0.02,260.00,260.00,active
,KXWCFIRSTSONG-26JUL20,KXWCFIRSTSONG-26JUL20-FAK,"Will FAKE LOVE be the first song performed by any of Madonna, Shakira, or BTS (any member of BTS) during the FIFA World Cup 2026 Final Halftime Show scheduled for July 19, 2026 at New York New Jersey Stadium?",0.02,0.03,0.025,0.02,260.00,260.00,active
,KXWCFIRSTSONG-26JUL20,KXWCFIRSTSONG-26JUL20-DYN,"Will Dynamite be the first song performed by any of Madonna, Shakira, or BTS (any member of BTS) during the FIFA World Cup 2026 Final Halftime Show scheduled for July 19, 2026 at New York New Jersey Stadium?",0.02,0.03,0.025,0.03,516.85,470.03,active
,KXWCFIRSTSONG-26JUL20,KXWCFIRSTSONG-26JUL20-DAI,"Will Dai Dai be the first song performed by any of Madonna, Shakira, or BTS (any member of BTS) during the FIFA World Cup 2026 Final Halftime Show scheduled for July 19, 2026 at New York New Jersey Stadium?",0.28,0.32,0.3,0.28,9223.73,6355.38,active
,KXWCFIRSTSONG-26JUL20,KXWCFIRSTSONG-26JUL20-CHA,"Will Chantaje be the first song performed by any of Madonna, Shakira, or BTS (any member of BTS) during the FIFA World Cup 2026 Final Halftime Show scheduled for July 19, 2026 at New York New Jersey Stadium?",0.01,0.02,0.015,0.01,260.00,260.00,active
,KXWCFIRSTSONG-26JUL20,KXWCFIRSTSONG-26JUL20-CAN,"Will Can't Remember to Forget You be the first song performed by any of Madonna, Shakira, or BTS (any member of BTS) during the FIFA World Cup 2026 Final Halftime Show scheduled for July 19, 2026 at New York New Jersey Stadium?",0.01,0.02,0.015,0.01,260.00,260.00,active
,KXWCFIRSTSONG-26JUL20,KXWCFIRSTSONG-26JUL20-BUT,"Will Butter be the first song performed by any of Madonna, Shakira, or BTS (any member of BTS) during the FIFA World Cup 2026 Final Halftime Show scheduled for July 19, 2026 at New York New Jersey Stadium?",0.01,0.02,0.015,0.01,260.00,260.00,active
,KXWCFIRSTSONG-26JUL20,KXWCFIRSTSONG-26JUL20-BRI,"Will Bring Your Love be the first song performed by any of Madonna, Shakira, or BTS (any member of BTS) during the FIFA World Cup 2026 Final Halftime Show scheduled for July 19, 2026 at New York New Jersey Stadium?",0.02,0.03,0.025,0.02,3565.21,3305.21,active
,KXWCFIRSTSONG-26JUL20,KXWCFIRSTSONG-26JUL20-BOY,"Will Boy With Luv be the first song performed by any of Madonna, Shakira, or BTS (any member of BTS) during the FIFA World Cup 2026 Final Halftime Show scheduled for July 19, 2026 at New York New Jersey Stadium?",0.01,0.02,0.015,0.01,250.00,250.00,active
,KXWCFIRSTSONG-26JUL20,KXWCFIRSTSONG-26JUL20-BOD,"Will Body to Body be the first song performed by any of Madonna, Shakira, or BTS (any member of BTS) during the FIFA World Cup 2026 Final Halftime Show scheduled for July 19, 2026 at New York New Jersey Stadium?",0.01,0.02,0.015,0.01,260.00,260.00,active
,KXWCFIRSTSONG-26JUL20,KXWCFIRSTSONG-26JUL20-ALI,"Will Aliens be the first song performed by any of Madonna, Shakira, or BTS (any member of BTS) during the FIFA World Cup 2026 Final Halftime Show scheduled for July 19, 2026 at New York New Jersey Stadium?",0.01,0.02,0.015,0.01,314.79,314.79,active
,KXWCFIRSTSONG-26JUL20,KXWCFIRSTSONG-26JUL20-4MI,"Will 4 Minutes be the first song performed by any of Madonna, Shakira, or BTS (any member of BTS) during the FIFA World Cup 2026 Final Halftime Show scheduled for July 19, 2026 at New York New Jersey Stadium?",0.01,0.02,0.015,0.01,306.79,306.79,active
,KXWCFIRSTSONG-26JUL20,KXWCFIRSTSONG-26JUL20-20,"Will 2.0 be the first song performed by any of Madonna, Shakira, or BTS (any member of BTS) during the FIFA World Cup 2026 Final Halftime Show scheduled for July 19, 2026 at New York New Jersey Stadium?",0.01,0.02,0.015,0.01,260.00,260.00,active
,KXWCFIFATOP10-26WIN,KXWCFIFATOP10-26WIN-Y,Will the winner of the 2026 Men's FIFA World Cup be any country not ranked in the top 10 of the FIFA Men's World Ranking at the time of issuance?,0.12,0.18,0.15,0.18,45441.46,28347.52,active
,KXTRUMPATTEND,KXTRUMPATTEND,Will Donald J. Trump attend The 2026 FIFA World Cup Final?,0.89,0.9,0.895,0.907,308562.98,158664.38,active
,KXWCCONTINENT-26,KXWCCONTINENT-26-SA,Will South America (CONMEBOL) win the 2026 Men's World Cup?,0.18,0.21,0.195,0.21,358573.72,311876.99,active
,KXWCCONTINENT-26,KXWCCONTINENT-26-NA,Will North America (CONCACAF) win the 2026 Men's World Cup?,0.04,0.09,0.065,0.09,647250.97,534665.46,active
,KXWCCONTINENT-26,KXWCCONTINENT-26-EUR,Will Europe (UEFA) win the 2026 Men's World Cup?,0.65,0.68,0.665,0.68,479395.08,399470.53,active
,KXWCCONTINENT-26,KXWCCONTINENT-26-ASOC,Will Asia or Oceania (AFC or OFC) win the 2026 Men's World Cup?,0.02,0.03,0.025,0.03,304771.93,270579.63,active
,KXWCCONTINENT-26,KXWCCONTINENT-26-AFR,Will Africa (CAF) win the 2026 Men's World Cup?,0.03,0.04,0.035,0.03,376380.21,333032.47,active
,KXWCPRICE-26JULWCFINAL,KXWCPRICE-26JULWCFINAL-9500,"Will Get-in price of the 2026 World Cup Final on TicketData be above $9500 on 3:00PM ET July 18th, 2026?",0.54,0.66,0.6,0.67,3200.69,1774.36,active
,KXWCPRICE-26JULWCFINAL,KXWCPRICE-26JULWCFINAL-9000,"Will Get-in price of the 2026 World Cup Final on TicketData be above $9000 on 3:00PM ET July 18th, 2026?",0.57,0.66,0.615,0.69,1645.95,957.46,active
,KXWCPRICE-26JULWCFINAL,KXWCPRICE-26JULWCFINAL-8500,"Will Get-in price of the 2026 World Cup Final on TicketData be above $8500 on 3:00PM ET July 18th, 2026?",0.67,0.68,0.675,0.68,1682.68,1043.43,active
,KXWCPRICE-26JULWCFINAL,KXWCPRICE-26JULWCFINAL-8000,"Will Get-in price of the 2026 World Cup Final on TicketData be above $8000 on 3:00PM ET July 18th, 2026?",0.76,0.77,0.765,0.77,2953.43,1869.79,active
,KXWCPRICE-26JULWCFINAL,KXWCPRICE-26JULWCFINAL-7500,"Will Get-in price of the 2026 World Cup Final on TicketData be above $7500 on 3:00PM ET July 18th, 2026?",0.83,0.84,0.835,0.84,1332.47,573.92,active
,KXWCPRICE-26JULWCFINAL,KXWCPRICE-26JULWCFINAL-7000,"Will Get-in price of the 2026 World Cup Final on TicketData be above $7000 on 3:00PM ET July 18th, 2026?",0.83,0.88,0.855,0.9,2131.92,758.50,active
,KXWCPRICE-26JULWCFINAL,KXWCPRICE-26JULWCFINAL-6500,"Will Get-in price of the 2026 World Cup Final on TicketData be above $6500 on 3:00PM ET July 18th, 2026?",0.91,0.92,0.915,0.92,3568.35,2044.56,active
,KXWCPRICE-26JULWCFINAL,KXWCPRICE-26JULWCFINAL-6000,"Will Get-in price of the 2026 World Cup Final on TicketData be above $6000 on 3:00PM ET July 18th, 2026?",0.94,0.95,0.945,0.92,2340.90,1167.15,active
,KXWCPRICE-26JULWCFINAL,KXWCPRICE-26JULWCFINAL-5500,"Will Get-in price of the 2026 World Cup Final on TicketData be above $5500 on 3:00PM ET July 18th, 2026?",0.94,0.95,0.945,0.95,3230.82,1778.69,active
,KXWCPRICE-26JULWCFINAL,KXWCPRICE-26JULWCFINAL-5000,"Will Get-in price of the 2026 World Cup Final on TicketData be above $5000 on 3:00PM ET July 18th, 2026?",0.97,0.98,0.975,0.96,2604.90,1680.45,active
,KXWCPRICE-26JULWCFINAL,KXWCPRICE-26JULWCFINAL-4500,"Will Get-in price of the 2026 World Cup Final on TicketData be above $4500 on 3:00PM ET July 18th, 2026?",0.97,0.98,0.975,0.98,5937.59,3825.12,active
,KXWCPRICE-26JULWCFINAL,KXWCPRICE-26JULWCFINAL-12000,"Will Get-in price of the 2026 World Cup Final on TicketData be above $12000 on 3:00PM ET July 18th, 2026?",0.34,0.35,0.345,0.35,2114.14,1534.85,active
,KXWCPRICE-26JULWCFINAL,KXWCPRICE-26JULWCFINAL-11500,"Will Get-in price of the 2026 World Cup Final on TicketData be above $11500 on 3:00PM ET July 18th, 2026?",0.38,0.46,0.42,0.52,2157.11,1286.31,active
,KXWCPRICE-26JULWCFINAL,KXWCPRICE-26JULWCFINAL-11000,"Will Get-in price of the 2026 World Cup Final on TicketData be above $11000 on 3:00PM ET July 18th, 2026?",0.51,0.53,0.52,0.54,4344.33,2908.04,active
,KXWCPRICE-26JULWCFINAL,KXWCPRICE-26JULWCFINAL-10500,"Will Get-in price of the 2026 World Cup Final on TicketData be above $10500 on 3:00PM ET July 18th, 2026?",0.51,0.54,0.525,0.61,3874.89,2002.20,active
,KXWCPRICE-26JULWCFINAL,KXWCPRICE-26JULWCFINAL-10000,"Will Get-in price of the 2026 World Cup Final on TicketData be above $10000 on 3:00PM ET July 18th, 2026?",0.59,0.6,0.595,0.62,2598.54,1866.05,active
,KXWC3RDPLACE-26,KXWC3RDPLACE-26-UZB,Will Uzbekistan win the third-place match at the 2026 Men's FIFA World Cup?,0.0,0.08,0.04,0.01,5336.90,5326.90,active
,KXWC3RDPLACE-26,KXWC3RDPLACE-26-USA,Will USA win the third-place match at the 2026 Men's FIFA World Cup?,0.07,0.09,0.08,0.07,36337.37,31260.37,active
,KXWC3RDPLACE-26,KXWC3RDPLACE-26-URU,Will Uruguay win the third-place match at the 2026 Men's FIFA World Cup?,0.01,0.02,0.015,0.03,11000.92,11000.92,active
,KXWC3RDPLACE-26,KXWC3RDPLACE-26-TUR,Will Turkiye win the third-place match at the 2026 Men's FIFA World Cup?,0.0,0.01,0.005,0.01,6136.43,6136.43,active
,KXWC3RDPLACE-26,KXWC3RDPLACE-26-TUN,Will Tunisia win the third-place match at the 2026 Men's FIFA World Cup?,0.0,0.01,0.005,0.01,8821.00,8821.00,active
,KXWC3RDPLACE-26,KXWC3RDPLACE-26-SWE,Will Sweden win the third-place match at the 2026 Men's FIFA World Cup?,0.01,0.02,0.015,0.01,1394.62,1378.26,active
,KXWC3RDPLACE-26,KXWC3RDPLACE-26-SUI,Will Switzerland win the third-place match at the 2026 Men's FIFA World Cup?,0.01,0.02,0.015,0.02,2733.00,2733.00,active
,KXWC3RDPLACE-26,KXWC3RDPLACE-26-SEN,Will Senegal win the third-place match at the 2026 Men's FIFA World Cup?,0.0,0.01,0.005,0.01,2320.13,2316.89,active
,KXWC3RDPLACE-26,KXWC3RDPLACE-26-SCO,Will Scotland win the third-place match at the 2026 Men's FIFA World Cup?,0.0,0.01,0.005,0.01,5515.25,5515.25,active
,KXWC3RDPLACE-26,KXWC3RDPLACE-26-RSA,Will South Africa win the third-place match at the 2026 Men's FIFA World Cup?,0.0,0.01,0.005,0.01,96.00,96.00,active
,KXWC3RDPLACE-26,KXWC3RDPLACE-26-QAT,Will Qatar win the third-place match at the 2026 Men's FIFA World Cup?,0.0,0.01,0.005,0.01,144.00,144.00,active
,KXWC3RDPLACE-26,KXWC3RDPLACE-26-POR,Will Portugal win the third-place match at the 2026 Men's FIFA World Cup?,0.0,0.1,0.05,0.11,28904.67,25797.78,active
,KXWC3RDPLACE-26,KXWC3RDPLACE-26-PAR,Will Paraguay win the third-place match at the 2026 Men's FIFA World Cup?,0.0,0.01,0.005,0.01,234.95,234.95,active
,KXWC3RDPLACE-26,KXWC3RDPLACE-26-PAN,Will Panama win the third-place match at the 2026 Men's FIFA World Cup?,0.0,0.01,0.005,0.01,96.00,96.00,active
,KXWC3RDPLACE-26,KXWC3RDPLACE-26-NZL,Will New Zealand win the third-place match at the 2026 Men's FIFA World Cup?,0.0,0.01,0.005,0.01,48.00,48.00,active
,KXWC3RDPLACE-26,KXWC3RDPLACE-26-NOR,Will Norway win the third-place match at the 2026 Men's FIFA World Cup?,0.0,0.04,0.02,0.04,13752.49,13501.25,active
,KXWC3RDPLACE-26,KXWC3RDPLACE-26-NED,Will Netherlands win the third-place match at the 2026 Men's FIFA World Cup?,0.0,0.06,0.03,0.06,23616.12,21613.24,active
,KXWC3RDPLACE-26,KXWC3RDPLACE-26-MEX,Will Mexico win the third-place match at the 2026 Men's FIFA World Cup?,0.02,0.03,0.025,0.03,16950.43,16224.04,active
,KXWC3RDPLACE-26,KXWC3RDPLACE-26-MAR,Will Morocco win the third-place match at the 2026 Men's FIFA World Cup?,0.0,0.03,0.015,0.02,15537.70,15458.70,active
,KXWC3RDPLACE-26,KXWC3RDPLACE-26-KSA,Will Saudi Arabia win the third-place match at the 2026 Men's FIFA World Cup?,0.0,0.01,0.005,0.02,327.53,327.53,active
,KXWC3RDPLACE-26,KXWC3RDPLACE-26-KOR,Will Korea Republic win the third-place match at the 2026 Men's FIFA World Cup?,0.01,0.02,0.015,0.02,3928.23,3928.23,active
,KXWC3RDPLACE-26,KXWC3RDPLACE-26-JPN,Will Japan win the third-place match at the 2026 Men's FIFA World Cup?,0.01,0.02,0.015,0.05,13745.41,13732.83,active
,KXWC3RDPLACE-26,KXWC3RDPLACE-26-JOR,Will Jordan win the third-place match at the 2026 Men's FIFA World Cup?,0.0,0.01,0.005,0.01,476.00,476.00,active
,KXWC3RDPLACE-26,KXWC3RDPLACE-26-IRQ,Will Iraq win the third-place match at the 2026 Men's FIFA World Cup?,0.0,0.01,0.005,0.0,0.00,0.00,active
,KXWC3RDPLACE-26,KXWC3RDPLACE-26-IRI,Will IR Iran win the third-place match at the 2026 Men's FIFA World Cup?,0.0,0.01,0.005,0.13,6888.56,6888.56,active
,KXWC3RDPLACE-26,KXWC3RDPLACE-26-HTI,Will Haiti win the third-place match at the 2026 Men's FIFA World Cup?,0.0,0.01,0.005,0.01,596.00,596.00,active
,KXWC3RDPLACE-26,KXWC3RDPLACE-26-GHA,Will Ghana win the third-place match at the 2026 Men's FIFA World Cup?,0.0,0.01,0.005,0.03,9877.19,9877.19,active
,KXWC3RDPLACE-26,KXWC3RDPLACE-26-GER,Will Germany win the third-place match at the 2026 Men's FIFA World Cup?,0.03,0.06,0.045,0.06,16890.96,16800.96,active
,KXWC3RDPLACE-26,KXWC3RDPLACE-26-FRA,Will France win the third-place match at the 2026 Men's FIFA World Cup?,0.03,0.19,0.11,0.19,34962.40,30887.01,active
,KXWC3RDPLACE-26,KXWC3RDPLACE-26-ESP,Will Spain win the third-place match at the 2026 Men's FIFA World Cup?,0.08,0.18,0.13,0.18,39132.18,32957.40,active
,KXWC3RDPLACE-26,KXWC3RDPLACE-26-ENG,Will England win the third-place match at the 2026 Men's FIFA World Cup?,0.0,0.11,0.055,0.1,34366.48,31457.62,active
,KXWC3RDPLACE-26,KXWC3RDPLACE-26-EGY,Will Egypt win the third-place match at the 2026 Men's FIFA World Cup?,0.0,0.02,0.01,0.01,1000.00,1000.00,active
,KXWC3RDPLACE-26,KXWC3RDPLACE-26-ECU,Will Ecuador win the third-place match at the 2026 Men's FIFA World Cup?,0.0,0.01,0.005,0.01,3644.46,3472.04,active
,KXWC3RDPLACE-26,KXWC3RDPLACE-26-DZA,Will Algeria win the third-place match at the 2026 Men's FIFA World Cup?,0.0,0.01,0.005,0.0,0.00,0.00,active
,KXWC3RDPLACE-26,KXWC3RDPLACE-26-CZE,Will Czechia win the third-place match at the 2026 Men's FIFA World Cup?,0.0,0.01,0.005,0.02,325.00,325.00,active
,KXWC3RDPLACE-26,KXWC3RDPLACE-26-CUW,Will Curacao win the third-place match at the 2026 Men's FIFA World Cup?,0.0,0.01,0.005,0.0,0.00,0.00,active
,KXWC3RDPLACE-26,KXWC3RDPLACE-26-CRO,Will Croatia win the third-place match at the 2026 Men's FIFA World Cup?,0.01,0.02,0.015,0.01,4844.83,4844.83,active
,KXWC3RDPLACE-26,KXWC3RDPLACE-26-CPV,Will Cape Verde win the third-place match at the 2026 Men's FIFA World Cup?,0.01,0.02,0.015,0.06,6265.27,6265.27,active
,KXWC3RDPLACE-26,KXWC3RDPLACE-26-COL,Will Colombia win the third-place match at the 2026 Men's FIFA World Cup?,0.0,0.03,0.015,0.05,13171.08,13147.60,active
,KXWC3RDPLACE-26,KXWC3RDPLACE-26-COD,Will Congo DR win the third-place match at the 2026 Men's FIFA World Cup?,0.0,0.01,0.005,0.01,1268.19,1268.19,active
,KXWC3RDPLACE-26,KXWC3RDPLACE-26-CIV,Will Ivory Coast win the third-place match at the 2026 Men's FIFA World Cup?,0.0,0.02,0.01,0.01,2195.02,2195.02,active
,KXWC3RDPLACE-26,KXWC3RDPLACE-26-CAN,Will Canada win the third-place match at the 2026 Men's FIFA World Cup?,0.01,0.02,0.015,0.02,6575.00,6575.00,active
,KXWC3RDPLACE-26,KXWC3RDPLACE-26-BRA,Will Brazil win the third-place match at the 2026 Men's FIFA World Cup?,0.03,0.05,0.04,0.09,23105.32,21625.91,active
,KXWC3RDPLACE-26,KXWC3RDPLACE-26-BIH,Will Bosnia and Herzegovina win the third-place match at the 2026 Men's FIFA World Cup?,0.0,0.01,0.005,0.02,140.37,140.37,active
,KXWC3RDPLACE-26,KXWC3RDPLACE-26-BEL,Will Belgium win the third-place match at the 2026 Men's FIFA World Cup?,0.01,0.02,0.015,0.02,11181.03,10431.03,active
,KXWC3RDPLACE-26,KXWC3RDPLACE-26-AUT,Will Austria win the third-place match at the 2026 Men's FIFA World Cup?,0.0,0.01,0.005,0.01,1717.59,1717.59,active
,KXWC3RDPLACE-26,KXWC3RDPLACE-26-AUS,Will Australia win the third-place match at the 2026 Men's FIFA World Cup?,0.0,0.01,0.005,0.01,106.51,106.51,active
,KXWC3RDPLACE-26,KXWC3RDPLACE-26-ARG,Will Argentina win the third-place match at the 2026 Men's FIFA World Cup?,0.1,0.19,0.145,0.19,37706.86,32769.53,active
,KXWCPRICE-26JULWCSEMI2,KXWCPRICE-26JULWCSEMI2-4500,"Will Get-in price of the Semi-Final - World Cup Match 102 (Mercedes-Benz Stadium) on TicketData be above $4500 on 3:00PM ET July 15th, 2026?",0.32,0.58,0.45,0.33,1111.56,1008.04,active
,KXWCPRICE-26JULWCSEMI2,KXWCPRICE-26JULWCSEMI2-4250,"Will Get-in price of the Semi-Final - World Cup Match 102 (Mercedes-Benz Stadium) on TicketData be above $4250 on 3:00PM ET July 15th, 2026?",0.25,0.42,0.335,0.32,173.87,72.00,active
,KXWCPRICE-26JULWCSEMI2,KXWCPRICE-26JULWCSEMI2-4000,"Will Get-in price of the Semi-Final - World Cup Match 102 (Mercedes-Benz Stadium) on TicketData be above $4000 on 3:00PM ET July 15th, 2026?",0.3,0.52,0.41,0.32,470.98,294.97,active
,KXWCPRICE-26JULWCSEMI2,KXWCPRICE-26JULWCSEMI2-3750,"Will Get-in price of the Semi-Final - World Cup Match 102 (Mercedes-Benz Stadium) on TicketData be above $3750 on 3:00PM ET July 15th, 2026?",0.35,0.66,0.505,0.37,938.16,590.63,active
,KXWCPRICE-26JULWCSEMI2,KXWCPRICE-26JULWCSEMI2-3500,"Will Get-in price of the Semi-Final - World Cup Match 102 (Mercedes-Benz Stadium) on TicketData be above $3500 on 3:00PM ET July 15th, 2026?",0.89,0.9,0.895,0.89,645.26,224.00,active
,KXWCPRICE-26JULWCSEMI2,KXWCPRICE-26JULWCSEMI2-3250,"Will Get-in price of the Semi-Final - World Cup Match 102 (Mercedes-Benz Stadium) on TicketData be above $3250 on 3:00PM ET July 15th, 2026?",0.89,0.9,0.895,0.89,504.96,100.18,active
,KXWCPRICE-26JULWCSEMI2,KXWCPRICE-26JULWCSEMI2-3000,"Will Get-in price of the Semi-Final - World Cup Match 102 (Mercedes-Benz Stadium) on TicketData be above $3000 on 3:00PM ET July 15th, 2026?",0.93,0.94,0.935,0.91,459.01,300.00,active
,KXWCPRICE-26JULWCSEMI2,KXWCPRICE-26JULWCSEMI2-2750,"Will Get-in price of the Semi-Final - World Cup Match 102 (Mercedes-Benz Stadium) on TicketData be above $2750 on 3:00PM ET July 15th, 2026?",0.95,0.96,0.955,0.96,456.88,183.48,active
,KXWCPRICE-26JULWCSEMI2,KXWCPRICE-26JULWCSEMI2-2500,"Will Get-in price of the Semi-Final - World Cup Match 102 (Mercedes-Benz Stadium) on TicketData be above $2500 on 3:00PM ET July 15th, 2026?",0.96,0.97,0.965,0.95,181.01,17.00,active
,KXWCPRICE-26JULWCSEMI2,KXWCPRICE-26JULWCSEMI2-2250,"Will Get-in price of the Semi-Final - World Cup Match 102 (Mercedes-Benz Stadium) on TicketData be above $2250 on 3:00PM ET July 15th, 2026?",0.96,0.97,0.965,0.96,254.80,78.62,active
,KXWCPRICE-26JULWCSEMI2,KXWCPRICE-26JULWCSEMI2-2000,"Will Get-in price of the Semi-Final - World Cup Match 102 (Mercedes-Benz Stadium) on TicketData be above $2000 on 3:00PM ET July 15th, 2026?",0.97,0.98,0.975,0.97,363.53,175.77,active
,KXWCPRICE-26JULWCSEMI2,KXWCPRICE-26JULWCSEMI2-1750,"Will Get-in price of the Semi-Final - World Cup Match 102 (Mercedes-Benz Stadium) on TicketData be above $1750 on 3:00PM ET July 15th, 2026?",0.98,0.99,0.985,0.99,847.03,443.03,active
,KXWCPRICE-26JULWCSEMI1,KXWCPRICE-26JULWCSEMI1-4500,"Will Get-in price of the Semi-Final - World Cup Match 101 (AT&T Stadium) on TicketData be above $4500 on 3:00PM ET July 13th, 2026?",0.26,0.61,0.435,0.27,688.66,365.67,active
,KXWCPRICE-26JULWCSEMI1,KXWCPRICE-26JULWCSEMI1-4250,"Will Get-in price of the Semi-Final - World Cup Match 101 (AT&T Stadium) on TicketData be above $4250 on 3:00PM ET July 13th, 2026?",0.48,0.73,0.605,0.39,975.51,648.72,active
,KXWCPRICE-26JULWCSEMI1,KXWCPRICE-26JULWCSEMI1-4000,"Will Get-in price of the Semi-Final - World Cup Match 101 (AT&T Stadium) on TicketData be above $4000 on 3:00PM ET July 13th, 2026?",0.39,0.91,0.65,0.67,921.81,355.63,active
,KXWCPRICE-26JULWCSEMI1,KXWCPRICE-26JULWCSEMI1-3750,"Will Get-in price of the Semi-Final - World Cup Match 101 (AT&T Stadium) on TicketData be above $3750 on 3:00PM ET July 13th, 2026?",0.54,0.89,0.715,0.66,644.35,226.34,active
,KXWCPRICE-26JULWCSEMI1,KXWCPRICE-26JULWCSEMI1-3500,"Will Get-in price of the Semi-Final - World Cup Match 101 (AT&T Stadium) on TicketData be above $3500 on 3:00PM ET July 13th, 2026?",0.62,0.88,0.75,0.84,865.37,241.15,active
,KXWCPRICE-26JULWCSEMI1,KXWCPRICE-26JULWCSEMI1-3250,"Will Get-in price of the Semi-Final - World Cup Match 101 (AT&T Stadium) on TicketData be above $3250 on 3:00PM ET July 13th, 2026?",0.8,0.89,0.845,0.82,1032.35,475.61,active
,KXWCPRICE-26JULWCSEMI1,KXWCPRICE-26JULWCSEMI1-3000,"Will Get-in price of the Semi-Final - World Cup Match 101 (AT&T Stadium) on TicketData be above $3000 on 3:00PM ET July 13th, 2026?",0.82,0.93,0.875,0.91,1098.58,446.36,active
,KXWCPRICE-26JULWCSEMI1,KXWCPRICE-26JULWCSEMI1-2750,"Will Get-in price of the Semi-Final - World Cup Match 101 (AT&T Stadium) on TicketData be above $2750 on 3:00PM ET July 13th, 2026?",0.74,0.94,0.84,0.89,577.69,151.40,active
,KXWCPRICE-26JULWCSEMI1,KXWCPRICE-26JULWCSEMI1-2500,"Will Get-in price of the Semi-Final - World Cup Match 101 (AT&T Stadium) on TicketData be above $2500 on 3:00PM ET July 13th, 2026?",0.81,0.82,0.815,0.9,679.46,181.54,active
,KXWCPRICE-26JULWCSEMI1,KXWCPRICE-26JULWCSEMI1-2250,"Will Get-in price of the Semi-Final - World Cup Match 101 (AT&T Stadium) on TicketData be above $2250 on 3:00PM ET July 13th, 2026?",0.97,0.98,0.975,0.97,243.16,89.14,active
,KXWCPRICE-26JULWCSEMI1,KXWCPRICE-26JULWCSEMI1-2000,"Will Get-in price of the Semi-Final - World Cup Match 101 (AT&T Stadium) on TicketData be above $2000 on 3:00PM ET July 13th, 2026?",0.97,0.98,0.975,0.97,156.01,27.01,active
,KXWCPRICE-26JULWCSEMI1,KXWCPRICE-26JULWCSEMI1-1750,"Will Get-in price of the Semi-Final - World Cup Match 101 (AT&T Stadium) on TicketData be above $1750 on 3:00PM ET July 13th, 2026?",0.97,0.98,0.975,0.97,427.44,190.16,active
,KXWT20WORLDCUP-26,KXWT20WORLDCUP-26-WI,Will West Indies win the Women's T20 World Cup?,0.03,0.04,0.035,0.08,124069.45,86503.26,active
,KXWT20WORLDCUP-26,KXWT20WORLDCUP-26-SRI,Will Sri Lanka win the Women's T20 World Cup?,0.0,0.01,0.005,0.01,13659.69,12795.69,active
,KXWT20WORLDCUP-26,KXWT20WORLDCUP-26-SCO,Will Scotland win the Women's T20 World Cup?,0.0,0.01,0.005,0.01,28982.03,27433.03,active
,KXWT20WORLDCUP-26,KXWT20WORLDCUP-26-RSA,Will South Africa win the Women's T20 World Cup?,0.06,0.08,0.07,0.08,110371.20,69966.21,active
,KXWT20WORLDCUP-26,KXWT20WORLDCUP-26-PAK,Will Pakistan win the Women's T20 World Cup?,0.0,0.01,0.005,0.01,31238.28,23184.71,active
,KXWT20WORLDCUP-26,KXWT20WORLDCUP-26-NZ,Will New Zealand win the Women's T20 World Cup?,0.0,0.01,0.005,0.01,114836.65,83470.52,active
,KXWT20WORLDCUP-26,KXWT20WORLDCUP-26-NED,Will Netherlands win the Women's T20 World Cup?,0.0,0.01,0.005,0.01,594.00,524.00,active
,KXWT20WORLDCUP-26,KXWT20WORLDCUP-26-IRL,Will Ireland win the Women's T20 World Cup?,0.0,0.01,0.005,0.01,868.51,524.00,active
,KXWT20WORLDCUP-26,KXWT20WORLDCUP-26-IND,Will India win the Women's T20 World Cup?,0.08,0.15,0.115,0.16,230131.66,173876.52,active
,KXWT20WORLDCUP-26,KXWT20WORLDCUP-26-ENG,Will England win the Women's T20 World Cup?,0.2,0.21,0.205,0.21,96460.76,68668.89,active
,KXWT20WORLDCUP-26,KXWT20WORLDCUP-26-BAN,Will Bangladesh win the Women's T20 World Cup?,0.0,0.01,0.005,0.01,26234.51,25509.38,active
,KXWT20WORLDCUP-26,KXWT20WORLDCUP-26-AUS,Will Australia win the Women's T20 World Cup?,0.56,0.59,0.575,0.57,92294.48,66428.29,active
